height (Å),apl (Å^2),tilt_angle (°),s2
48.13274383544922,32.89731442928314,10.75966977030901,0.9413683133375128
